,BHK,Rent,Size,Bathroom,clusters
0,1.397112077833996,0.3753165830855071,3.8294044032633,1.535277883436511,4
1,0.09137230888787747,-0.12056470730990032,-0.3006594433617827,0.26282119052280767,0
2,0.09137230888787747,-0.09972935897395883,0.02275980852741719,0.26282119052280767,0
3,0.09137230888787747,-0.06639280163645246,0.08744365890525717,0.26282119052280767,0
4,1.397112077833996,-0.03305624429894609,0.674449601084155,1.535277883436511,3
5,0.09137230888787747,-0.12473177697708862,-0.6240786952509826,-1.0096355023908956,1
6,2.7028518467801144,0.304476398743306,2.6230505937165844,1.535277883436511,4
7,0.09137230888787747,-0.09972935897395883,-0.21980463038948272,0.26282119052280767,0
8,-1.214367460058241,-0.14556712531303012,-0.9474979471401824,-1.0096355023908956,1
9,0.09137230888787747,-0.06639280163645246,0.02275980852741719,0.26282119052280767,0
10,1.397112077833996,0.0002803130385602898,0.588743499333517,1.535277883436511,3
11,0.09137230888787747,-0.12056470730990032,-0.3006594433617827,0.26282119052280767,0
12,-1.214367460058241,-0.14140005564584182,-1.0283527601124824,-1.0096355023908956,1
13,-1.214367460058241,-0.12889884664427692,-0.13894981741718276,-1.0096355023908956,1
14,1.397112077833996,0.20863379639797514,1.6398560679734167,1.535277883436511,3
15,0.09137230888787747,-0.09972935897395883,-0.46236906930638266,0.26282119052280767,0
16,-1.214367460058241,-0.09556228930677055,-0.6240786952509826,-1.0096355023908956,1
17,0.09137230888787747,-0.09972935897395883,-0.46236906930638266,-1.0096355023908956,1
18,-1.214367460058241,-0.08306108030520565,-0.6240786952509826,-1.0096355023908956,1
19,0.09137230888787747,-0.08306108030520565,0.6695983123058169,1.535277883436511,3
20,-1.214367460058241,-0.1497341949802184,-0.6240786952509826,-1.0096355023908956,1
21,0.09137230888787747,0.0002803130385602898,-0.34917233114516266,0.26282119052280767,0
22,0.09137230888787747,-0.06639280163645246,-0.13894981741718276,0.26282119052280767,0
23,-1.214367460058241,-0.14556712531303012,-0.7857883211955825,-1.0096355023908956,1
24,0.09137230888787747,-0.08306108030520565,0.18446943447201714,0.26282119052280767,0
25,-1.214367460058241,-0.14556712531303012,-0.7857883211955825,-1.0096355023908956,1
26,1.397112077833996,0.0002803130385602898,0.443204835983377,1.535277883436511,3
27,1.397112077833996,0.24197035373548154,1.2355820031119167,1.535277883436511,3
28,-1.214367460058241,-0.08722814997239395,-0.6240786952509826,-1.0096355023908956,1
29,-1.214367460058241,-0.1705695433161599,-0.8666431341678825,-1.0096355023908956,1
30,0.09137230888787747,-0.12056470730990032,-0.3006594433617827,-1.0096355023908956,1
31,-1.214367460058241,-0.1622354039817833,-0.9474979471401824,-1.0096355023908956,1
32,0.09137230888787747,-0.07472694097082906,-0.6240786952509826,0.26282119052280767,0
33,-1.214367460058241,-0.1497341949802184,-0.9474979471401824,-1.0096355023908956,1
34,0.09137230888787747,-0.10389642864114713,-0.13894981741718276,0.26282119052280767,0
35,0.09137230888787747,-0.12473177697708862,0.34617906041661706,-1.0096355023908956,0
36,0.09137230888787747,-0.05805866230207587,0.09552914020248716,0.26282119052280767,0
37,1.397112077833996,0.02528273104169007,0.056718829975783175,1.535277883436511,3
38,1.397112077833996,-0.10806349830833543,0.34617906041661706,0.26282119052280767,3
39,0.09137230888787747,-0.09972935897395883,0.02275980852741719,-1.0096355023908956,0
40,0.09137230888787747,0.20863379639797514,0.47554676117229705,0.26282119052280767,0
41,-1.214367460058241,-0.1497341949802184,-0.8666431341678825,-1.0096355023908956,1
42,0.09137230888787747,0.041951009710443264,-0.8666431341678825,0.26282119052280767,0
43,-1.214367460058241,-0.12473177697708862,-0.6240786952509826,0.26282119052280767,1
44,0.09137230888787747,-0.08306108030520565,-0.3006594433617827,0.26282119052280767,0
45,-1.214367460058241,-0.14556712531303012,-0.7857883211955825,-1.0096355023908956,1
46,1.397112077833996,0.16696309972609216,1.1223852649506967,1.535277883436511,3
47,1.397112077833996,0.3336458864136241,1.6398560679734167,1.535277883436511,3
48,-1.214367460058241,-0.10806349830833543,-0.7857883211955825,-1.0096355023908956,1
49,-1.214367460058241,-0.1497341949802184,-0.7857883211955825,-1.0096355023908956,1
50,-1.214367460058241,-0.13306591631146522,-0.3006594433617827,-1.0096355023908956,1
51,0.09137230888787747,-0.0163879656301929,0.18446943447201714,0.26282119052280767,0
52,0.09137230888787747,0.041951009710443264,0.34617906041661706,0.26282119052280767,0
53,-1.214367460058241,-0.14140005564584182,-0.7857883211955825,-1.0096355023908956,1
54,0.09137230888787747,-0.07472694097082906,0.2734097287415471,0.26282119052280767,0
55,-1.214367460058241,-0.14556712531303012,-0.8828140967623425,-1.0096355023908956,1
56,0.09137230888787747,-0.04139038363332268,0.08744365890525717,0.26282119052280767,0
57,2.7028518467801144,0.7086821564605709,3.0952427014748163,2.807734576350214,4
58,1.397112077833996,0.041951009710443264,0.34617906041661706,0.26282119052280767,3
59,1.397112077833996,-0.04139038363332268,0.9930175641950169,1.535277883436511,3
60,2.7028518467801144,0.4919945337667794,3.499516766336316,2.807734576350214,4
61,0.09137230888787747,-0.06639280163645246,0.02275980852741719,0.26282119052280767,0
62,0.09137230888787747,-0.08306108030520565,0.34617906041661706,0.26282119052280767,0
63,-1.214367460058241,-0.158068334314595,-0.9474979471401824,-1.0096355023908956,1
64,0.09137230888787747,-0.07472694097082906,-0.05809500444488278,1.535277883436511,0
65,0.09137230888787747,-0.12889884664427692,-0.7372754334122026,-1.0096355023908956,1
66,-1.214367460058241,-0.14140005564584182,-1.1092075730847824,-1.0096355023908956,1
67,0.09137230888787747,-0.08306108030520565,0.02275980852741719,0.26282119052280767,0
68,-1.214367460058241,-0.10806349830833543,-0.8666431341678825,-1.0096355023908956,1
69,-1.214367460058241,-0.12473177697708862,-0.6240786952509826,-1.0096355023908956,1
70,0.09137230888787747,-0.07472694097082906,0.18446943447201714,0.26282119052280767,0
71,-1.214367460058241,-0.11639763764271203,-0.9474979471401824,-1.0096355023908956,1
72,0.09137230888787747,-0.11639763764271203,-0.46236906930638266,0.26282119052280767,0
73,0.09137230888787747,-0.04139038363332268,0.19255491576924713,0.26282119052280767,0
74,1.397112077833996,-0.008053826295816304,0.7181112000891969,0.26282119052280767,3
75,0.09137230888787747,-0.08722814997239395,-0.21980463038948272,0.26282119052280767,0
76,-1.214367460058241,-0.1747366129833482,-0.5432238822786826,-1.0096355023908956,1
77,0.09137230888787747,-0.10806349830833543,0.34617906041661706,0.26282119052280767,0
78,0.09137230888787747,-0.13723298597865352,-0.6240786952509826,0.26282119052280767,0
79,-1.214367460058241,-0.13306591631146522,-0.9474979471401824,-1.0096355023908956,1
80,2.7028518467801144,1.2920719098669322,2.9335330755302165,2.807734576350214,4
81,0.09137230888787747,-0.12056470730990032,0.18446943447201714,0.26282119052280767,0
82,0.09137230888787747,-0.10806349830833543,-0.13894981741718276,0.26282119052280767,0
83,1.397112077833996,0.05861928837919645,0.507888686361217,0.26282119052280767,3
84,0.09137230888787747,-0.08306108030520565,0.02275980852741719,1.535277883436511,0
85,1.397112077833996,-0.03305624429894609,0.02275980852741719,1.535277883436511,3
86,0.09137230888787747,-0.10806349830833543,-0.13894981741718276,0.26282119052280767,0
87,-1.214367460058241,-0.1497341949802184,-0.3006594433617827,-1.0096355023908956,1
88,0.09137230888787747,-0.08306108030520565,-0.38151425633408265,0.26282119052280767,0
89,0.09137230888787747,-0.11306398190896139,0.18446943447201714,0.26282119052280767,0
90,0.09137230888787747,-0.08306108030520565,0.34617906041661706,0.26282119052280767,0
91,0.09137230888787747,-0.049724522967699275,0.02275980852741719,0.26282119052280767,0
92,0.09137230888787747,0.016948591707313478,0.02275980852741719,0.26282119052280767,0
93,1.397112077833996,0.19196551772922196,1.6398560679734167,1.535277883436511,3
94,-1.214367460058241,-0.1497341949802184,-0.7049335082232826,-1.0096355023908956,1
95,0.09137230888787747,-0.08306108030520565,0.2329823222553971,0.26282119052280767,0
96,0.09137230888787747,-0.12473177697708862,-0.6240786952509826,0.26282119052280767,0
97,-1.214367460058241,-0.1497341949802184,-1.4326268249739822,-1.0096355023908956,1
98,0.09137230888787747,-0.13306591631146522,-0.7857883211955825,-1.0096355023908956,1
99,-1.214367460058241,-0.14140005564584182,-0.6240786952509826,-1.0096355023908956,1
100,0.09137230888787747,0.08362170638232623,0.34617906041661706,0.26282119052280767,0
101,0.09137230888787747,-0.07472694097082906,-0.21980463038948272,0.26282119052280767,0
102,-1.214367460058241,-0.1705695433161599,-0.6240786952509826,-1.0096355023908956,1
103,0.09137230888787747,-0.07472694097082906,-0.6240786952509826,-1.0096355023908956,1
104,0.09137230888787747,-0.12473177697708862,-0.46236906930638266,-1.0096355023908956,1
105,-1.214367460058241,-0.14140005564584182,-0.9474979471401824,-1.0096355023908956,1
106,-1.214367460058241,-0.158068334314595,-0.9474979471401824,-1.0096355023908956,1
107,0.09137230888787747,-0.09972935897395883,0.02275980852741719,0.26282119052280767,0
108,0.09137230888787747,-0.12473177697708862,0.34617906041661706,0.26282119052280767,0
109,1.397112077833996,0.25030449306985814,0.9978688529733548,1.535277883436511,3
110,1.397112077833996,-0.08306108030520565,0.34617906041661706,1.535277883436511,3
111,-1.214367460058241,-0.10806349830833543,-0.9151560219512624,-1.0096355023908956,1
112,0.09137230888787747,-0.13306591631146522,0.34617906041661706,0.26282119052280767,0
113,1.397112077833996,0.09195584571670283,1.2695410245602827,1.535277883436511,3
114,1.397112077833996,0.10028998505107942,0.34617906041661706,1.535277883436511,3
115,0.09137230888787747,-0.158068334314595,-0.46236906930638266,-1.0096355023908956,1
116,-1.214367460058241,-0.06639280163645246,-0.6079077326565225,-1.0096355023908956,1
117,-1.214367460058241,-0.14140005564584182,-0.3006594433617827,-1.0096355023908956,1
118,-1.214367460058241,-0.14556712531303012,-0.7049335082232826,-1.0096355023908956,1
119,0.09137230888787747,-0.12889884664427692,-0.38151425633408265,-1.0096355023908956,1
120,0.09137230888787747,-0.09556228930677055,-0.46236906930638266,0.26282119052280767,0
121,-1.214367460058241,-0.13306591631146522,-0.6240786952509826,-1.0096355023908956,1
122,-1.214367460058241,-0.1497341949802184,-1.0121817975180225,-1.0096355023908956,1
123,0.09137230888787747,-0.10806349830833543,-0.3006594433617827,0.26282119052280767,0
124,2.7028518467801144,0.6253407631168049,4.388919709031616,4.080191269263918,4
125,0.09137230888787747,-0.10806349830833543,0.34617906041661706,0.26282119052280767,0
126,-1.214367460058241,-0.13723298597865352,-0.8181302463845025,-1.0096355023908956,1
127,0.09137230888787747,-0.05805866230207587,0.02275980852741719,0.26282119052280767,0
128,-1.214367460058241,-0.11639763764271203,-0.3006594433617827,-1.0096355023908956,1
129,1.397112077833996,-0.05805866230207587,-0.13894981741718276,0.26282119052280767,0
130,1.397112077833996,-0.06639280163645246,0.7504531252781169,1.535277883436511,3
131,-1.214367460058241,-0.1539012646474067,-0.9474979471401824,-1.0096355023908956,1
132,0.09137230888787747,-0.11223056797552373,-0.46236906930638266,0.26282119052280767,0
133,0.09137230888787747,-0.024722104964569492,0.02275980852741719,0.26282119052280767,0
134,-1.214367460058241,-0.09972935897395883,-0.8666431341678825,-1.0096355023908956,1
135,1.397112077833996,-0.04139038363332268,-0.3443210423668247,0.26282119052280767,0
136,0.09137230888787747,-0.12473177697708862,0.34617906041661706,0.26282119052280767,0
137,0.09137230888787747,-0.08306108030520565,0.02275980852741719,0.26282119052280767,0
138,-1.214367460058241,-0.14140005564584182,-1.3517720120016823,-1.0096355023908956,1
139,0.09137230888787747,-0.10806349830833543,-0.19554818649779274,0.26282119052280767,0
140,-1.214367460058241,-0.04139038363332268,-0.6240786952509826,-1.0096355023908956,1
141,0.09137230888787747,-0.04139038363332268,-0.3006594433617827,-1.0096355023908956,1
142,-1.214367460058241,-0.14140005564584182,-1.2709171990293824,-1.0096355023908956,1
143,-1.214367460058241,-0.11639763764271203,-0.6240786952509826,0.26282119052280767,1
144,1.397112077833996,0.1252924030542092,1.3811206664620568,0.26282119052280767,3
145,0.09137230888787747,-0.12473177697708862,-0.3006594433617827,0.26282119052280767,0
146,1.397112077833996,0.041951009710443264,0.9930175641950169,0.26282119052280767,3
147,0.09137230888787747,-0.14140005564584182,-0.6240786952509826,-1.0096355023908956,1
148,0.09137230888787747,-0.08306108030520565,0.18446943447201714,0.26282119052280767,0
149,0.09137230888787747,-0.10806349830833543,-0.05809500444488278,0.26282119052280767,0
150,0.09137230888787747,-0.10806349830833543,-0.13086433611995277,0.26282119052280767,0
151,1.397112077833996,-0.04139038363332268,0.34617906041661706,0.26282119052280767,3
152,1.397112077833996,-0.09972935897395883,0.02275980852741719,-1.0096355023908956,0
153,0.09137230888787747,-0.06222573196926417,0.15212750928309715,0.26282119052280767,0
154,-1.214367460058241,-0.14140005564584182,-0.6240786952509826,-1.0096355023908956,1
155,0.09137230888787747,-0.13723298597865352,0.02275980852741719,0.26282119052280767,0
156,-1.214367460058241,-0.14556712531303012,-0.6240786952509826,-1.0096355023908956,1
157,0.09137230888787747,-0.024722104964569492,0.18446943447201714,0.26282119052280767,0
158,-1.214367460058241,-0.158068334314595,-1.1092075730847824,-1.0096355023908956,1
159,0.09137230888787747,0.06612001378013538,0.34617906041661706,-1.0096355023908956,0
160,0.09137230888787747,-0.08306108030520565,-0.3006594433617827,-1.0096355023908956,1
161,0.09137230888787747,-0.12473177697708862,-0.7291899521149725,-1.0096355023908956,1
162,0.09137230888787747,-0.12473177697708862,-0.3006594433617827,0.26282119052280767,0
163,1.397112077833996,-0.03305624429894609,0.2798781137793311,0.26282119052280767,3
164,2.7028518467801144,0.3169776077448709,2.6909686366133165,4.080191269263918,4
165,-1.214367460058241,-0.15056760891365606,-1.5134816379462823,-1.0096355023908956,1
166,0.09137230888787747,-0.09139521963958225,-0.46236906930638266,-1.0096355023908956,1
167,-1.214367460058241,-0.08722814997239395,-0.7049335082232826,-1.0096355023908956,1
168,-1.214367460058241,-0.1539012646474067,-0.46236906930638266,-1.0096355023908956,1
169,0.09137230888787747,-0.09972935897395883,-0.6240786952509826,0.26282119052280767,0
170,0.09137230888787747,-0.14140005564584182,-0.6240786952509826,-1.0096355023908956,1
171,0.09137230888787747,-0.05805866230207587,0.02275980852741719,-1.0096355023908956,0
172,0.09137230888787747,-0.04139038363332268,0.18446943447201714,1.535277883436511,0
173,-1.214367460058241,-0.09139521963958225,-0.38151425633408265,-1.0096355023908956,1
174,2.7028518467801144,0.20863379639797514,3.0952427014748163,2.807734576350214,4
175,0.09137230888787747,-0.08722814997239395,0.006588845932957194,0.26282119052280767,0
176,0.09137230888787747,-0.08306108030520565,0.507888686361217,0.26282119052280767,0
177,-1.214367460058241,-0.11223056797552373,-0.7049335082232826,-1.0096355023908956,1
178,1.397112077833996,-0.08306108030520565,0.6049144619279769,0.26282119052280767,3
179,0.09137230888787747,-0.10806349830833543,-0.6240786952509826,0.26282119052280767,0
180,0.09137230888787747,-0.05805866230207587,0.34617906041661706,0.26282119052280767,0
181,0.09137230888787747,-0.08306108030520565,0.10361462149971716,0.26282119052280767,0
182,0.09137230888787747,-0.10806349830833543,-0.23597559298394272,0.26282119052280767,0
183,0.09137230888787747,0.0002803130385602898,0.10361462149971716,0.26282119052280767,0
184,1.397112077833996,1.0420477298356345,3.661226392280916,2.807734576350214,4
185,-1.214367460058241,-0.12473177697708862,-0.7857883211955825,-1.0096355023908956,1
186,0.09137230888787747,-0.14140005564584182,-0.13894981741718276,-1.0096355023908956,1
187,0.09137230888787747,0.1252924030542092,0.507888686361217,0.26282119052280767,0
188,0.09137230888787747,-0.10806349830833543,-0.6240786952509826,-1.0096355023908956,1
189,0.09137230888787747,-0.07472694097082906,-0.13894981741718276,-1.0096355023908956,1
190,0.09137230888787747,-0.0163879656301929,0.18446943447201714,0.26282119052280767,0
191,0.09137230888787747,0.0002803130385602898,0.18446943447201714,0.26282119052280767,0
192,-1.214367460058241,-0.1497341949802184,-0.6240786952509826,-1.0096355023908956,1
193,0.09137230888787747,-0.06222573196926417,0.427033873388917,0.26282119052280767,0
194,-1.214367460058241,-0.12473177697708862,-0.9232415032484925,-1.0096355023908956,1
195,1.397112077833996,0.1169582637198326,0.34617906041661706,1.535277883436511,3
196,1.397112077833996,-0.024722104964569492,0.34617906041661706,0.26282119052280767,3
197,0.09137230888787747,-0.05805866230207587,0.02275980852741719,0.26282119052280767,0
198,0.09137230888787747,-0.0163879656301929,0.507888686361217,0.26282119052280767,0
199,0.09137230888787747,-0.04139038363332268,0.2653242474443171,0.26282119052280767,0
200,-1.214367460058241,-0.12473177697708862,-0.8666431341678825,-1.0096355023908956,1
201,-1.214367460058241,-0.08306108030520565,-0.6240786952509826,-1.0096355023908956,1
202,0.09137230888787747,-0.06639280163645246,0.02275980852741719,0.26282119052280767,0
203,1.397112077833996,0.25863863240423474,1.4781464420288166,1.535277883436511,3
204,1.397112077833996,0.150294821057339,1.1547271901396168,1.535277883436511,3
205,0.09137230888787747,0.0002803130385602898,0.18446943447201714,0.26282119052280767,0
206,-1.214367460058241,-0.13306591631146522,-0.7857883211955825,-1.0096355023908956,1
207,1.397112077833996,0.05028514904481986,1.2469016769280388,1.535277883436511,3
208,-1.214367460058241,-0.158068334314595,-1.1092075730847824,-1.0096355023908956,1
209,-1.214367460058241,-0.1664024736489716,-0.7857883211955825,-1.0096355023908956,1
210,0.09137230888787747,-0.07472694097082906,0.34617906041661706,0.26282119052280767,0
211,-1.214367460058241,-0.04139038363332268,-0.3006594433617827,-1.0096355023908956,1
212,1.397112077833996,0.02528273104169007,0.477163857431743,1.535277883436511,3
213,0.09137230888787747,-0.05805866230207587,0.7504531252781169,0.26282119052280767,0
214,-1.214367460058241,-0.10806349830833543,-0.6240786952509826,-1.0096355023908956,1
215,0.09137230888787747,-0.04139038363332268,-0.0095821166615028,0.26282119052280767,0
216,1.397112077833996,0.0002803130385602898,0.8313079382504169,1.535277883436511,3
217,1.397112077833996,0.08362170638232623,1.3164368160842168,1.535277883436511,3
218,-1.214367460058241,-0.1497341949802184,-0.9474979471401824,-1.0096355023908956,1
219,-1.214367460058241,-0.14556712531303012,-0.6240786952509826,-1.0096355023908956,1
220,0.09137230888787747,-0.09139521963958225,0.18446943447201714,0.26282119052280767,0
221,0.09137230888787747,-0.04139038363332268,0.18446943447201714,0.26282119052280767,0
222,2.7028518467801144,2.958899776742251,4.065500457142416,4.080191269263918,4
223,0.09137230888787747,-0.03305624429894609,0.18446943447201714,0.26282119052280767,0
224,0.09137230888787747,-0.08306108030520565,-0.46236906930638266,0.26282119052280767,0
225,-1.214367460058241,-0.1622354039817833,-0.6240786952509826,-1.0096355023908956,1
226,0.09137230888787747,-0.12473177697708862,-0.46236906930638266,0.26282119052280767,0
227,-1.214367460058241,-0.1497341949802184,-1.1900623860570825,-1.0096355023908956,1
228,0.09137230888787747,-0.11223056797552373,0.34617906041661706,-1.0096355023908956,0
229,1.397112077833996,-0.024722104964569492,0.7504531252781169,1.535277883436511,3
230,0.09137230888787747,-0.049724522967699275,0.38013808186498305,0.26282119052280767,0
231,0.09137230888787747,-0.08306108030520565,0.427033873388917,0.26282119052280767,0
232,0.09137230888787747,-0.12056470730990032,-0.46236906930638266,-1.0096355023908956,1
233,0.09137230888787747,-0.10806349830833543,-0.46236906930638266,0.26282119052280767,0
234,-1.214367460058241,-0.1497341949802184,-1.2709171990293824,-1.0096355023908956,1
235,0.09137230888787747,-0.08306108030520565,0.34617906041661706,0.26282119052280767,0
236,0.09137230888787747,-0.0163879656301929,-0.6240786952509826,0.26282119052280767,0
237,-1.214367460058241,-0.1539012646474067,-0.6240786952509826,-1.0096355023908956,1
238,1.397112077833996,0.033616870376066664,1.3164368160842168,1.535277883436511,3
239,0.09137230888787747,-0.10806349830833543,-0.13894981741718276,0.26282119052280767,0
240,0.09137230888787747,-0.12473177697708862,0.02275980852741719,0.26282119052280767,0
241,0.09137230888787747,-0.10389642864114713,-0.7857883211955825,0.26282119052280767,0
242,1.397112077833996,0.05861928837919645,1.3164368160842168,1.535277883436511,3
243,-1.214367460058241,-0.14140005564584182,-0.9216244069890465,-1.0096355023908956,1
244,0.09137230888787747,-0.12056470730990032,-0.6240786952509826,-1.0096355023908956,1
245,-1.214367460058241,-0.158068334314595,-0.9474979471401824,-1.0096355023908956,1
246,1.397112077833996,-0.07472694097082906,0.34617906041661706,0.26282119052280767,3
247,1.397112077833996,0.16696309972609216,0.9930175641950169,1.535277883436511,3
248,-1.214367460058241,-0.158068334314595,-0.7857883211955825,-1.0096355023908956,1
249,-1.214367460058241,-0.1664024736489716,-0.7857883211955825,-1.0096355023908956,1
250,1.397112077833996,-0.09139521963958225,1.3164368160842168,1.535277883436511,3
251,0.09137230888787747,-0.04139038363332268,-0.13894981741718276,0.26282119052280767,0
252,-1.214367460058241,-0.11639763764271203,-0.7049335082232826,-1.0096355023908956,1
253,-1.214367460058241,-0.1622354039817833,-0.6240786952509826,-1.0096355023908956,1
254,1.397112077833996,0.25030449306985814,1.3164368160842168,1.535277883436511,3
255,0.09137230888787747,-0.08306108030520565,-0.016050501699286797,-1.0096355023908956,0
256,-1.214367460058241,-0.13723298597865352,-1.0283527601124824,-1.0096355023908956,1
257,0.09137230888787747,-0.08306108030520565,0.18446943447201714,0.26282119052280767,0
258,0.09137230888787747,-0.10806349830833543,-0.7857883211955825,-1.0096355023908956,1
259,-1.214367460058241,-0.14556712531303012,-0.6240786952509826,-1.0096355023908956,1
260,0.09137230888787747,-0.07472694097082906,0.18446943447201714,0.26282119052280767,0
261,0.09137230888787747,-0.04139038363332268,0.2653242474443171,0.26282119052280767,0
262,0.09137230888787747,-0.08722814997239395,-0.21980463038948272,0.26282119052280767,0
263,-1.214367460058241,-0.158068334314595,-0.6240786952509826,-1.0096355023908956,1
264,0.09137230888787747,-0.09139521963958225,-0.13894981741718276,0.26282119052280767,0
265,-1.214367460058241,-0.1497341949802184,-1.1092075730847824,-1.0096355023908956,1
266,0.09137230888787747,0.021115661374501774,0.2329823222553971,0.26282119052280767,0
267,0.09137230888787747,-0.05805866230207587,0.34617906041661706,0.26282119052280767,0
268,0.09137230888787747,-0.12473177697708862,0.02275980852741719,0.26282119052280767,0
269,1.397112077833996,0.05028514904481986,1.1547271901396168,1.535277883436511,3
270,0.09137230888787747,-0.08306108030520565,0.18446943447201714,0.26282119052280767,0
271,-1.214367460058241,-0.11639763764271203,-1.1092075730847824,-1.0096355023908956,1
272,-1.214367460058241,-0.1705695433161599,-0.6240786952509826,-1.0096355023908956,1
273,-1.214367460058241,-0.12473177697708862,0.02275980852741719,0.26282119052280767,0
274,0.09137230888787747,-0.12473177697708862,0.34617906041661706,0.26282119052280767,0
275,-1.214367460058241,-0.13306591631146522,-0.7857883211955825,-1.0096355023908956,1
276,0.09137230888787747,-0.07472694097082906,0.10361462149971716,0.26282119052280767,0
277,-1.214367460058241,-0.1664024736489716,-1.0283527601124824,-1.0096355023908956,1
278,0.09137230888787747,-0.12473177697708862,0.02275980852741719,0.26282119052280767,0
279,-1.214367460058241,-0.08306108030520565,-0.6240786952509826,-1.0096355023908956,1
280,-1.214367460058241,-0.1789036826505365,-1.3517720120016823,-1.0096355023908956,1
281,0.09137230888787747,-0.07472694097082906,0.6695983123058169,0.26282119052280767,0
282,0.09137230888787747,-0.06639280163645246,0.648576060933019,1.535277883436511,3
283,1.397112077833996,0.041951009710443264,0.588743499333517,0.26282119052280767,3
284,0.09137230888787747,-0.10806349830833543,0.05510173371633718,0.26282119052280767,0
285,-1.214367460058241,-0.13306591631146522,-0.6240786952509826,-1.0096355023908956,1
286,-1.214367460058241,-0.158068334314595,-0.9474979471401824,-1.0096355023908956,1
287,-1.214367460058241,-0.04139038363332268,-0.7049335082232826,-1.0096355023908956,1
288,1.397112077833996,0.041951009710443264,0.6695983123058169,0.26282119052280767,3
289,0.09137230888787747,-0.04139038363332268,0.10361462149971716,0.26282119052280767,0
290,0.09137230888787747,-0.08306108030520565,-0.3006594433617827,0.26282119052280767,0
291,0.09137230888787747,-0.04139038363332268,0.18446943447201714,0.26282119052280767,0
292,1.397112077833996,0.0002803130385602898,0.8313079382504169,0.26282119052280767,3
293,-1.214367460058241,-0.13306591631146522,-0.3006594433617827,-1.0096355023908956,1
294,0.09137230888787747,-0.06639280163645246,-0.3006594433617827,-1.0096355023908956,1
295,0.09137230888787747,-0.07055987130364076,0.34617906041661706,0.26282119052280767,0
296,-1.214367460058241,-0.1497341949802184,-0.8666431341678825,-1.0096355023908956,1
297,1.397112077833996,0.041951009710443264,0.710025718791967,0.26282119052280767,3
298,0.09137230888787747,-0.13723298597865352,-0.4300271441174626,0.26282119052280767,0
299,-1.214367460058241,-0.14140005564584182,-0.46236906930638266,-1.0096355023908956,1
300,0.09137230888787747,-0.04139038363332268,0.18446943447201714,0.26282119052280767,0
301,1.397112077833996,0.041951009710443264,1.065786895870087,1.535277883436511,3
302,1.397112077833996,0.7920235498043368,3.703270895026512,1.535277883436511,4
303,-1.214367460058241,-0.1497341949802184,-0.7857883211955825,-1.0096355023908956,1
304,0.09137230888787747,-0.12473177697708862,-0.6240786952509826,0.26282119052280767,0
305,-1.214367460058241,-0.1664024736489716,-0.6240786952509826,-1.0096355023908956,1
306,1.397112077833996,0.041951009710443264,1.4668267682126948,2.807734576350214,3
307,-1.214367460058241,-0.1539012646474067,-0.8666431341678825,-1.0096355023908956,1
308,-1.214367460058241,-0.12473177697708862,-0.5432238822786826,-1.0096355023908956,1
309,-1.214367460058241,-0.05805866230207587,-0.9474979471401824,-1.0096355023908956,1
310,0.09137230888787747,0.041951009710443264,0.5014203013234331,0.26282119052280767,0
311,0.09137230888787747,-0.04139038363332268,0.02275980852741719,0.26282119052280767,0
312,-1.214367460058241,-0.07055987130364076,-0.6240786952509826,-1.0096355023908956,1
313,-1.214367460058241,-0.08306108030520565,-0.6240786952509826,-1.0096355023908956,1
314,2.7028518467801144,0.8753649431481028,6.167725594422215,2.807734576350214,4
315,0.09137230888787747,-0.08306108030520565,0.02275980852741719,-1.0096355023908956,0
316,-1.214367460058241,0.3753165830855071,-0.3006594433617827,-1.0096355023908956,1
317,-1.214367460058241,-0.024722104964569492,-0.8585576528706524,-1.0096355023908956,1
318,0.09137230888787747,-0.12681531181068278,-0.6645061017371325,0.26282119052280767,0
319,0.09137230888787747,-0.0163879656301929,0.12948816165085314,0.26282119052280767,0
320,0.09137230888787747,-0.10806349830833543,-0.21980463038948272,-1.0096355023908956,1
321,1.397112077833996,0.29197518974174114,0.9121627512227168,1.535277883436511,3
322,0.09137230888787747,-0.11639763764271203,0.02275980852741719,0.26282119052280767,0
323,0.09137230888787747,-0.10806349830833543,-0.3006594433617827,-1.0096355023908956,1
324,-1.214367460058241,-0.11639763764271203,-0.8666431341678825,-1.0096355023908956,1
325,0.09137230888787747,-0.049724522967699275,0.588743499333517,0.26282119052280767,0
326,0.09137230888787747,-0.12473177697708862,0.588743499333517,0.26282119052280767,0
327,-1.214367460058241,-0.14556712531303012,-0.6240786952509826,-1.0096355023908956,1
328,1.397112077833996,0.25030449306985814,1.8824205068903166,1.535277883436511,3
329,0.09137230888787747,-0.11639763764271203,0.15212750928309715,0.26282119052280767,0
330,1.397112077833996,0.20863379639797514,0.7504531252781169,1.535277883436511,3
331,0.09137230888787747,-0.09556228930677055,-0.46236906930638266,0.26282119052280767,0
332,0.09137230888787747,-0.07055987130364076,0.34617906041661706,0.26282119052280767,0
333,1.397112077833996,0.7920235498043368,1.8177366565124766,1.535277883436511,3
334,-1.214367460058241,-0.1497341949802184,-0.7857883211955825,-1.0096355023908956,1
335,0.09137230888787747,-0.12473177697708862,-0.21980463038948272,-1.0096355023908956,1
336,-1.214367460058241,-0.1497341949802184,-0.9474979471401824,-1.0096355023908956,1
337,-1.214367460058241,-0.05805866230207587,-0.3006594433617827,-1.0096355023908956,1
338,-1.214367460058241,-0.11639763764271203,-0.6240786952509826,-1.0096355023908956,1
339,-1.214367460058241,-0.13306591631146522,-0.8666431341678825,-1.0096355023908956,1
340,1.397112077833996,0.29197518974174114,1.7692237687290968,1.535277883436511,3
341,1.397112077833996,28.961414499997225,2.4484041976964166,1.535277883436511,2
342,0.09137230888787747,-0.10389642864114713,-0.5432238822786826,-1.0096355023908956,1
343,0.09137230888787747,-0.07472694097082906,0.18446943447201714,0.26282119052280767,0
344,0.09137230888787747,0.041951009710443264,0.06318721501356718,0.26282119052280767,0
345,0.09137230888787747,-0.06639280163645246,0.18446943447201714,0.26282119052280767,0
346,-1.214367460058241,-0.14140005564584182,-1.0283527601124824,-1.0096355023908956,1
347,0.09137230888787747,-0.07055987130364076,0.10361462149971716,0.26282119052280767,0
348,0.09137230888787747,-0.09972935897395883,-0.6240786952509826,-1.0096355023908956,1
349,0.09137230888787747,-0.10806349830833543,-0.3006594433617827,0.26282119052280767,0
350,0.09137230888787747,-0.06639280163645246,-0.46236906930638266,0.26282119052280767,0
351,1.397112077833996,-0.08306108030520565,-0.38151425633408265,0.26282119052280767,0
352,1.397112077833996,0.08362170638232623,0.9930175641950169,1.535277883436511,3
353,0.09137230888787747,-0.09972935897395883,0.3138371352276971,0.26282119052280767,0
354,0.09137230888787747,-0.10806349830833543,0.6695983123058169,0.26282119052280767,0
355,-1.214367460058241,-0.12473177697708862,-0.38151425633408265,-1.0096355023908956,1
356,0.09137230888787747,-0.13306591631146522,-0.6564206204399026,-1.0096355023908956,1
357,-1.214367460058241,-0.158068334314595,-1.0283527601124824,-1.0096355023908956,1
358,0.09137230888787747,-0.1338993302449029,0.18446943447201714,0.26282119052280767,0
359,1.397112077833996,0.1252924030542092,1.4781464420288166,1.535277883436511,3
360,0.09137230888787747,-0.008053826295816304,0.19255491576924713,0.26282119052280767,0
361,0.09137230888787747,-0.053891592634887575,0.15212750928309715,0.26282119052280767,0
362,0.09137230888787747,-0.07472694097082906,0.477163857431743,0.26282119052280767,0
363,-1.214367460058241,-0.14140005564584182,-0.6240786952509826,-1.0096355023908956,1
364,0.09137230888787747,-0.08306108030520565,-0.21980463038948272,0.26282119052280767,0
365,0.09137230888787747,0.016948591707313478,0.34617906041661706,0.26282119052280767,0
366,0.09137230888787747,-0.06639280163645246,-0.13894981741718276,0.26282119052280767,0
367,1.397112077833996,0.20863379639797514,0.427033873388917,1.535277883436511,3
368,0.09137230888787747,-0.09139521963958225,-0.3006594433617827,0.26282119052280767,0
369,-1.214367460058241,-0.1664024736489716,-0.7857883211955825,-1.0096355023908956,1
370,0.09137230888787747,-0.14140005564584182,-0.6240786952509826,0.26282119052280767,0
371,1.397112077833996,-0.04139038363332268,-0.13248143237939874,0.26282119052280767,0
372,0.09137230888787747,-0.08306108030520565,-0.38151425633408265,0.26282119052280767,0
373,1.397112077833996,-0.04139038363332268,0.430268065907809,0.26282119052280767,3
374,0.09137230888787747,-0.11639763764271203,0.34617906041661706,0.26282119052280767,0
375,0.09137230888787747,-0.13723298597865352,-0.8828140967623425,0.26282119052280767,0
376,1.397112077833996,-0.020555035297381195,0.9930175641950169,1.535277883436511,3
377,0.09137230888787747,-0.08306108030520565,0.34617906041661706,0.26282119052280767,0
378,0.09137230888787747,-0.11639763764271203,-0.05809500444488278,0.26282119052280767,0
379,0.09137230888787747,-0.11639763764271203,-0.3006594433617827,0.26282119052280767,0
380,0.09137230888787747,-0.13306591631146522,0.02275980852741719,-1.0096355023908956,0
381,1.397112077833996,0.7920235498043368,2.885020187746836,1.535277883436511,4
382,0.09137230888787747,-0.08306108030520565,-0.3006594433617827,-1.0096355023908956,1
383,-1.214367460058241,-0.1497341949802184,-0.9474979471401824,-1.0096355023908956,1
384,-1.214367460058241,-0.1664024736489716,-1.3614745895583582,-1.0096355023908956,1
385,-1.214367460058241,-0.05805866230207587,-0.6240786952509826,-1.0096355023908956,1
386,1.397112077833996,0.16696309972609216,1.9632753198626167,1.535277883436511,3
387,0.09137230888787747,-0.03305624429894609,0.030845289824647185,1.535277883436511,0
388,0.09137230888787747,-0.12473177697708862,0.34617906041661706,0.26282119052280767,0
389,0.09137230888787747,-0.08306108030520565,0.3138371352276971,0.26282119052280767,0
390,0.09137230888787747,-0.11639763764271203,-0.13894981741718276,0.26282119052280767,0
391,-1.214367460058241,-0.14556712531303012,-0.7857883211955825,-1.0096355023908956,1
392,1.397112077833996,-0.024722104964569492,0.18446943447201714,0.26282119052280767,3
393,0.09137230888787747,-0.06639280163645246,0.18446943447201714,0.26282119052280767,0
394,-1.214367460058241,-0.158068334314595,-0.9474979471401824,-1.0096355023908956,1
395,0.09137230888787747,-0.04139038363332268,0.427033873388917,0.26282119052280767,0
396,0.09137230888787747,-0.05805866230207587,-0.6240786952509826,0.26282119052280767,0
397,0.09137230888787747,-0.09972935897395883,-0.33300136855070267,-1.0096355023908956,1
398,0.09137230888787747,0.10862412438545602,0.465844183615621,0.26282119052280767,0
399,0.09137230888787747,0.09195584571670283,0.34617906041661706,0.26282119052280767,0
400,-1.214367460058241,-0.14556712531303012,-0.9474979471401824,-1.0096355023908956,1
401,-1.214367460058241,-0.13306591631146522,-0.7857883211955825,-1.0096355023908956,1
402,1.397112077833996,-0.05805866230207587,0.18446943447201714,1.535277883436511,3
403,-1.214367460058241,-0.1539012646474067,-0.46236906930638266,-1.0096355023908956,1
404,0.09137230888787747,-0.158068334314595,-0.6240786952509826,-1.0096355023908956,1
405,0.09137230888787747,-0.05805866230207587,0.34617906041661706,0.26282119052280767,0
406,0.09137230888787747,-0.10806349830833543,-0.13894981741718276,0.26282119052280767,0
407,1.397112077833996,0.41698727975739003,1.3972916290565167,1.535277883436511,3
408,0.09137230888787747,0.0002803130385602898,-0.13894981741718276,0.26282119052280767,0
409,0.09137230888787747,-0.04139038363332268,0.10361462149971716,0.26282119052280767,0
410,0.09137230888787747,-0.14140005564584182,0.34617906041661706,0.26282119052280767,0
411,0.09137230888787747,-0.11639763764271203,-0.6240786952509826,0.26282119052280767,0
412,1.397112077833996,0.3336458864136241,0.798966013061497,0.26282119052280767,3
413,-1.214367460058241,-0.158068334314595,-0.9474979471401824,-1.0096355023908956,1
414,2.7028518467801144,1.1253891231794004,5.6825967165884155,2.807734576350214,4
415,-1.214367460058241,-0.11639763764271203,-0.6240786952509826,-1.0096355023908956,1
416,0.09137230888787747,-0.04139038363332268,0.18446943447201714,0.26282119052280767,0
417,-1.214367460058241,-0.1622354039817833,-0.6240786952509826,-1.0096355023908956,1
418,1.397112077833996,-0.10806349830833543,0.18446943447201714,1.535277883436511,3
419,1.397112077833996,-0.02888917463175779,0.540230611550137,0.26282119052280767,3
420,0.09137230888787747,-0.13056567451115225,-0.7857883211955825,-1.0096355023908956,1
421,-1.214367460058241,-0.158068334314595,-0.6240786952509826,-1.0096355023908956,1
422,0.09137230888787747,-0.09972935897395883,-0.5432238822786826,-1.0096355023908956,1
423,-1.214367460058241,-0.1497341949802184,-1.1092075730847824,-1.0096355023908956,1
424,0.09137230888787747,-0.09139521963958225,0.02275980852741719,0.26282119052280767,0
425,0.09137230888787747,-0.09139521963958225,0.34617906041661706,0.26282119052280767,0
426,-1.214367460058241,-0.158068334314595,-0.5432238822786826,-1.0096355023908956,1
427,-1.214367460058241,-0.10389642864114713,-0.6240786952509826,-1.0096355023908956,1
428,-1.214367460058241,-0.1497341949802184,-0.9474979471401824,-1.0096355023908956,1
429,0.09137230888787747,-0.09972935897395883,0.02275980852741719,0.26282119052280767,0
430,0.09137230888787747,-0.04139038363332268,0.18446943447201714,0.26282119052280767,0
431,0.09137230888787747,-0.008053826295816304,0.507888686361217,0.26282119052280767,0
432,-1.214367460058241,-0.158068334314595,-0.6240786952509826,-1.0096355023908956,1
433,0.09137230888787747,-0.08306108030520565,-0.3006594433617827,0.26282119052280767,0
434,0.09137230888787747,-0.04139038363332268,0.20872587836370712,0.26282119052280767,0
435,0.09137230888787747,-0.06639280163645246,0.11978558409417715,0.26282119052280767,0
436,1.397112077833996,0.08362170638232623,0.47231256865340504,0.26282119052280767,3
437,1.397112077833996,-0.024722104964569492,0.8313079382504169,1.535277883436511,3
438,0.09137230888787747,-0.05805866230207587,0.02275980852741719,0.26282119052280767,0
439,2.7028518467801144,0.7920235498043368,5.043843694107245,2.807734576350214,4
440,0.09137230888787747,-0.12473177697708862,-0.3006594433617827,0.26282119052280767,0
441,0.09137230888787747,-0.14140005564584182,-0.7857883211955825,-1.0096355023908956,1
442,0.09137230888787747,-0.12889884664427692,-0.46236906930638266,-1.0096355023908956,1
443,0.09137230888787747,-0.13306591631146522,0.11170010279694716,0.26282119052280767,0
444,1.397112077833996,0.05028514904481986,0.548316092847367,0.26282119052280767,3
445,0.09137230888787747,-0.09139521963958225,-0.05809500444488278,0.26282119052280767,0
446,-1.214367460058241,-0.1497341949802184,-0.8666431341678825,-1.0096355023908956,1
447,1.397112077833996,-0.008053826295816304,0.34617906041661706,0.26282119052280767,3
448,-1.214367460058241,-0.14140005564584182,-0.9474979471401824,-1.0096355023908956,1
449,-1.214367460058241,-0.024722104964569492,-0.9474979471401824,-1.0096355023908956,1
450,0.09137230888787747,-0.10806349830833543,-0.6240786952509826,0.26282119052280767,0
451,-1.214367460058241,-0.1664024736489716,-0.7857883211955825,-1.0096355023908956,1
452,-1.214367460058241,-0.158068334314595,-0.9474979471401824,-1.0096355023908956,1
453,0.09137230888787747,0.041951009710443264,0.18446943447201714,0.26282119052280767,0
454,0.09137230888787747,-0.10806349830833543,-0.5432238822786826,0.26282119052280767,0
455,0.09137230888787747,-0.08306108030520565,-0.6240786952509826,0.26282119052280767,0
456,0.09137230888787747,-0.09139521963958225,-0.3006594433617827,0.26282119052280767,0
457,-1.214367460058241,-0.024722104964569492,-0.8504721715734225,-1.0096355023908956,1
458,0.09137230888787747,0.1252924030542092,0.6372563871168969,0.26282119052280767,0
459,-1.214367460058241,-0.10806349830833543,-0.7857883211955825,-1.0096355023908956,1
460,0.09137230888787747,-0.08306108030520565,-0.26023203687563273,0.26282119052280767,0
461,0.09137230888787747,-0.12889884664427692,-0.46236906930638266,0.26282119052280767,0
462,0.09137230888787747,-0.08306108030520565,0.20064039706647713,0.26282119052280767,0
463,0.09137230888787747,-0.08306108030520565,-0.3006594433617827,0.26282119052280767,0
464,0.09137230888787747,-0.12473177697708862,-0.2844884807673227,-1.0096355023908956,1
465,2.7028518467801144,-0.08306108030520565,0.2653242474443171,1.535277883436511,3
466,-1.214367460058241,-0.1497341949802184,-0.46236906930638266,-1.0096355023908956,1
467,-1.214367460058241,-0.12473177697708862,-1.1092075730847824,-1.0096355023908956,1
468,1.397112077833996,0.016690233387947805,0.6695983123058169,1.535277883436511,3
469,-1.214367460058241,-0.14140005564584182,-0.8666431341678825,-1.0096355023908956,1
470,1.397112077833996,0.22530207506672834,0.9978688529733548,1.535277883436511,3
471,1.397112077833996,0.041951009710443264,0.8313079382504169,0.26282119052280767,3
472,-1.214367460058241,-0.1539012646474067,-1.2709171990293824,-1.0096355023908956,1
473,1.397112077833996,-0.024722104964569492,0.8313079382504169,1.535277883436511,3
474,-1.214367460058241,-0.12473177697708862,-0.6240786952509826,-1.0096355023908956,1
475,-1.214367460058241,-0.158068334314595,-1.3517720120016823,-1.0096355023908956,1
476,0.09137230888787747,-0.09972935897395883,-0.38151425633408265,0.26282119052280767,0
477,0.09137230888787747,-0.05805866230207587,0.507888686361217,0.26282119052280767,0
478,2.7028518467801144,0.041951009710443264,1.4781464420288166,1.535277883436511,3
479,0.09137230888787747,-0.12473177697708862,-1.1092075730847824,0.26282119052280767,0
480,-1.214367460058241,-0.08306108030520565,-0.46236906930638266,0.26282119052280767,1
481,0.09137230888787747,0.3753165830855071,0.548316092847367,0.26282119052280767,0
482,0.09137230888787747,-0.049724522967699275,-0.14865239497385874,0.26282119052280767,0
483,0.09137230888787747,-0.04139038363332268,0.18446943447201714,0.26282119052280767,0
484,0.09137230888787747,-0.13306591631146522,-0.6240786952509826,0.26282119052280767,0
485,-1.214367460058241,-0.1664024736489716,-0.7857883211955825,-1.0096355023908956,1
486,0.09137230888787747,0.021115661374501774,0.02275980852741719,0.26282119052280767,0
487,0.09137230888787747,-0.07472694097082906,-0.21980463038948272,0.26282119052280767,0
488,-1.214367460058241,-0.10806349830833543,-0.9474979471401824,-1.0096355023908956,1
489,1.397112077833996,0.41698727975739003,2.2866945717518163,2.807734576350214,4
490,0.09137230888787747,-0.04139038363332268,0.34617906041661706,0.26282119052280767,0
491,-1.214367460058241,-0.1497341949802184,-0.7857883211955825,-1.0096355023908956,1
492,-1.214367460058241,-0.11639763764271203,-0.7049335082232826,-1.0096355023908956,1
493,-1.214367460058241,-0.09556228930677055,-0.8666431341678825,-1.0096355023908956,1
494,-1.214367460058241,-0.06639280163645246,-0.8989850593568025,-1.0096355023908956,1
495,1.397112077833996,0.25030449306985814,2.3352074595351966,1.535277883436511,3
496,-1.214367460058241,-0.09972935897395883,-0.7857883211955825,0.26282119052280767,1
497,0.09137230888787747,-0.11639763764271203,-0.6240786952509826,-1.0096355023908956,1
498,0.09137230888787747,-0.07472694097082906,-0.2925739620645527,0.26282119052280767,0
499,0.09137230888787747,-0.012220895963004602,-0.05809500444488278,0.26282119052280767,0
500,0.09137230888787747,-0.13723298597865352,0.02275980852741719,0.26282119052280767,0
501,1.397112077833996,0.041951009710443264,0.588743499333517,1.535277883436511,3
502,1.397112077833996,-0.024722104964569492,0.8313079382504169,0.26282119052280767,3
503,0.09137230888787747,-0.08306108030520565,0.02275980852741719,0.26282119052280767,0
504,1.397112077833996,-0.08306108030520565,-0.3006594433617827,1.535277883436511,3
505,0.09137230888787747,-0.12473177697708862,0.02275980852741719,-1.0096355023908956,0
506,0.09137230888787747,-0.10389642864114713,-0.3006594433617827,0.26282119052280767,0
507,1.397112077833996,-0.008053826295816304,0.9121627512227168,1.535277883436511,3
508,0.09137230888787747,0.05861928837919645,0.02275980852741719,0.26282119052280767,0
509,0.09137230888787747,-0.049724522967699275,-0.3006594433617827,0.26282119052280767,0
510,-1.214367460058241,-0.13306591631146522,-0.46236906930638266,-1.0096355023908956,1
511,0.09137230888787747,-0.1622354039817833,-0.7857883211955825,0.26282119052280767,0
512,-1.214367460058241,-0.08306108030520565,-0.7857883211955825,-1.0096355023908956,1
513,0.09137230888787747,-0.09139521963958225,-0.13894981741718276,0.26282119052280767,0
514,1.397112077833996,0.016948591707313478,0.34617906041661706,0.26282119052280767,3
515,0.09137230888787747,-0.09139521963958225,0.02275980852741719,0.26282119052280767,0
516,1.397112077833996,0.150294821057339,1.1223852649506967,1.535277883436511,3
517,0.09137230888787747,0.041951009710443264,0.18446943447201714,0.26282119052280767,0
518,0.09137230888787747,0.20863379639797514,0.34617906041661706,-1.0096355023908956,0
519,-1.214367460058241,-0.08306108030520565,-0.13894981741718276,0.26282119052280767,0
520,1.397112077833996,0.0002803130385602898,0.9930175641950169,1.535277883436511,3
521,0.09137230888787747,0.004447382705748587,0.7908805317642669,0.26282119052280767,0
522,-1.214367460058241,-0.158068334314595,-1.1092075730847824,-1.0096355023908956,1
523,-1.214367460058241,-0.1664024736489716,-0.9474979471401824,-1.0096355023908956,1
524,-1.214367460058241,-0.12473177697708862,-0.7049335082232826,-1.0096355023908956,1
525,-1.214367460058241,-0.08306108030520565,-0.9474979471401824,-1.0096355023908956,1
526,-1.214367460058241,-0.1664024736489716,-0.7857883211955825,-1.0096355023908956,1
527,1.397112077833996,-0.06639280163645246,0.34617906041661706,1.535277883436511,3
528,0.09137230888787747,-0.09139521963958225,0.507888686361217,0.26282119052280767,0
529,1.397112077833996,0.08362170638232623,1.8015656939180167,1.535277883436511,3
530,0.09137230888787747,0.08362170638232623,-0.3006594433617827,-1.0096355023908956,1
531,0.09137230888787747,-0.07472694097082906,-0.3006594433617827,-1.0096355023908956,1
532,2.7028518467801144,0.8753649431481028,5.425478411336502,2.807734576350214,4
533,0.09137230888787747,0.08362170638232623,0.507888686361217,0.26282119052280767,0
534,-1.214367460058241,-0.12473177697708862,-0.9474979471401824,-1.0096355023908956,1
535,0.09137230888787747,-0.10806349830833543,-0.3006594433617827,0.26282119052280767,0
536,0.09137230888787747,-0.12056470730990032,0.02275980852741719,-1.0096355023908956,0
537,-1.214367460058241,-0.14140005564584182,-0.9474979471401824,-1.0096355023908956,1
538,0.09137230888787747,-0.08306108030520565,0.18446943447201714,0.26282119052280767,0
539,0.09137230888787747,0.0002803130385602898,0.34617906041661706,0.26282119052280767,0
540,0.09137230888787747,-0.13306591631146522,-0.6240786952509826,0.26282119052280767,0
541,0.09137230888787747,0.041951009710443264,1.1547271901396168,0.26282119052280767,0
542,0.09137230888787747,-0.024722104964569492,-0.22627301542726672,0.26282119052280767,0
543,0.09137230888787747,-0.09139521963958225,0.18446943447201714,0.26282119052280767,0
544,0.09137230888787747,-0.10806349830833543,-0.46236906930638266,-1.0096355023908956,1
545,0.09137230888787747,-0.12473177697708862,-1.4164558623795223,0.26282119052280767,0
546,1.397112077833996,0.0002803130385602898,-0.13894981741718276,1.535277883436511,3
547,-1.214367460058241,0.0002803130385602898,-0.9151560219512624,-1.0096355023908956,1
548,0.09137230888787747,-0.07472694097082906,-0.3006594433617827,0.26282119052280767,0
549,1.397112077833996,0.29197518974174114,0.8313079382504169,1.535277883436511,3
550,-1.214367460058241,-0.1497341949802184,-0.13894981741718276,-1.0096355023908956,1
551,1.397112077833996,-0.03305624429894609,0.9930175641950169,1.535277883436511,3
552,2.7028518467801144,1.8754616632732939,7.623112227923615,2.807734576350214,4
553,-1.214367460058241,-0.049724522967699275,-0.5836512887648326,-1.0096355023908956,1
554,2.7028518467801144,0.1461277513901507,1.2517529657063768,1.535277883436511,3
555,0.09137230888787747,-0.11639763764271203,-0.6240786952509826,-1.0096355023908956,1
556,0.09137230888787747,-0.05805866230207587,0.34617906041661706,0.26282119052280767,0
557,-1.214367460058241,-0.1722363711830352,-1.1092075730847824,-1.0096355023908956,1
558,0.09137230888787747,-0.13306591631146522,-0.13894981741718276,-1.0096355023908956,1
559,-1.214367460058241,-0.1497341949802184,-0.8666431341678825,-1.0096355023908956,1
560,0.09137230888787747,-0.08306108030520565,0.10361462149971716,0.26282119052280767,0
561,-1.214367460058241,-0.16806930151584693,-0.6564206204399026,-1.0096355023908956,1
562,0.09137230888787747,-0.08306108030520565,-0.6240786952509826,0.26282119052280767,0
563,-1.214367460058241,-0.05805866230207587,-0.7049335082232826,-1.0096355023908956,1
564,0.09137230888787747,-0.020555035297381195,0.20872587836370712,0.26282119052280767,0
565,-1.214367460058241,-0.12889884664427692,-1.1092075730847824,-1.0096355023908956,1
566,0.09137230888787747,-0.10806349830833543,0.34617906041661706,0.26282119052280767,0
567,-1.214367460058241,-0.13306591631146522,-0.13894981741718276,-1.0096355023908956,1
568,1.397112077833996,0.0002803130385602898,0.6695983123058169,1.535277883436511,3
569,-1.214367460058241,-0.13306591631146522,-0.9474979471401824,-1.0096355023908956,1
570,0.09137230888787747,-0.11639763764271203,-0.13894981741718276,-1.0096355023908956,1
571,-1.214367460058241,-0.10389642864114713,-0.7857883211955825,-1.0096355023908956,1
572,1.397112077833996,-0.03305624429894609,0.6049144619279769,0.26282119052280767,3
573,1.397112077833996,-0.060717252749742004,0.20064039706647713,0.26282119052280767,3
574,1.397112077833996,0.02528273104169007,2.2866945717518163,1.535277883436511,3
575,1.397112077833996,0.041951009710443264,1.1547271901396168,1.535277883436511,3
576,0.09137230888787747,0.0002803130385602898,-0.0095821166615028,0.26282119052280767,0
577,0.09137230888787747,-0.09972935897395883,-0.6240786952509826,0.26282119052280767,0
578,0.09137230888787747,-0.14140005564584182,-1.2709171990293824,0.26282119052280767,0
579,1.397112077833996,0.08362170638232623,0.507888686361217,0.26282119052280767,3
580,-1.214367460058241,-0.14140005564584182,-0.38151425633408265,-1.0096355023908956,1
581,0.09137230888787747,-0.12473177697708862,-0.21980463038948272,0.26282119052280767,0
582,-1.214367460058241,-0.11223056797552373,-0.6240786952509826,-1.0096355023908956,1
583,2.7028518467801144,0.9587063364918686,3.4186619533640163,2.807734576350214,4
584,0.09137230888787747,-0.158068334314595,-0.5270529196842226,-1.0096355023908956,1
585,0.09137230888787747,-0.11639763764271203,-0.6240786952509826,-1.0096355023908956,1
586,-1.214367460058241,-0.1747366129833482,-1.1900623860570825,-1.0096355023908956,1
587,0.09137230888787747,-0.09139521963958225,0.34617906041661706,0.26282119052280767,0
588,0.09137230888787747,-0.008053826295816304,-0.5755658074676026,0.26282119052280767,0
589,0.09137230888787747,-0.11639763764271203,-0.23597559298394272,-1.0096355023908956,1
590,0.09137230888787747,-0.12473177697708862,-0.7857883211955825,-1.0096355023908956,1
591,1.397112077833996,0.3086434684104943,1.1223852649506967,1.535277883436511,3
592,0.09137230888787747,-0.10806349830833543,-0.3410868498479327,-1.0096355023908956,1
593,0.09137230888787747,-0.05805866230207587,0.02275980852741719,0.26282119052280767,0
594,0.09137230888787747,-0.06222573196926417,-0.13894981741718276,0.26282119052280767,0
595,-1.214367460058241,-0.1539012646474067,-0.7857883211955825,-1.0096355023908956,1
596,-1.214367460058241,-0.07472694097082906,-0.7049335082232826,-1.0096355023908956,1
597,1.397112077833996,0.041951009710443264,0.427033873388917,1.535277883436511,3
598,0.09137230888787747,0.02528273104169007,-0.21980463038948272,0.26282119052280767,0
599,-1.214367460058241,-0.1539012646474067,-1.3517720120016823,-1.0096355023908956,1
600,-1.214367460058241,-0.13306591631146522,-0.8747286154651125,-1.0096355023908956,1
601,0.09137230888787747,-0.13723298597865352,-0.7857883211955825,0.26282119052280767,0
602,0.09137230888787747,-0.04139038363332268,-0.38151425633408265,0.26282119052280767,0
603,1.397112077833996,0.008614452372936884,1.6398560679734167,0.26282119052280767,3
604,-1.214367460058241,-0.14140005564584182,-0.7857883211955825,-1.0096355023908956,1
605,-1.214367460058241,-0.13723298597865352,-0.41385618152300263,-1.0096355023908956,1
606,0.09137230888787747,-0.10389642864114713,-0.38151425633408265,0.26282119052280767,0
607,-1.214367460058241,-0.14140005564584182,-0.6240786952509826,-1.0096355023908956,1
608,1.397112077833996,0.22530207506672834,2.787994412180076,1.535277883436511,3
609,0.09137230888787747,-0.05805866230207587,0.33000809782215706,0.26282119052280767,0
610,-1.214367460058241,-0.08306108030520565,-0.8908995780595724,-1.0096355023908956,1
611,0.09137230888787747,-0.10806349830833543,-0.38151425633408265,0.26282119052280767,0
612,1.397112077833996,0.6253407631168049,1.3164368160842168,1.535277883436511,3
613,-1.214367460058241,-0.158068334314595,0.34617906041661706,-1.0096355023908956,1
614,0.09137230888787747,-0.10806349830833543,-0.6240786952509826,-1.0096355023908956,1
615,-1.214367460058241,-0.1539012646474067,-0.8666431341678825,-1.0096355023908956,1
616,1.397112077833996,-0.09556228930677055,0.18446943447201714,1.535277883436511,3
617,-1.214367460058241,-0.12473177697708862,-0.46236906930638266,-1.0096355023908956,1
618,0.09137230888787747,-0.13723298597865352,-0.5432238822786826,0.26282119052280767,0
619,1.397112077833996,0.05861928837919645,1.2646897357819447,1.535277883436511,3
620,1.397112077833996,0.1419606817229624,0.9930175641950169,1.535277883436511,3
621,-1.214367460058241,-0.14556712531303012,-0.9474979471401824,-1.0096355023908956,1
622,0.09137230888787747,-0.07472694097082906,0.34617906041661706,0.26282119052280767,0
623,-1.214367460058241,-0.1664024736489716,-0.7857883211955825,-1.0096355023908956,1
624,0.09137230888787747,-0.09139521963958225,-0.46236906930638266,0.26282119052280767,0
625,2.7028518467801144,0.29197518974174114,2.4484041976964166,2.807734576350214,4
626,-1.214367460058241,-0.13723298597865352,-0.7857883211955825,-1.0096355023908956,1
627,-1.214367460058241,-0.12473177697708862,-0.7857883211955825,-1.0096355023908956,1
628,-1.214367460058241,-0.13723298597865352,-0.7857883211955825,-1.0096355023908956,1
629,0.09137230888787747,-0.08306108030520565,0.47554676117229705,0.26282119052280767,0
630,0.09137230888787747,-0.12889884664427692,-1.2709171990293824,-1.0096355023908956,1
631,0.09137230888787747,0.0002803130385602898,-0.38151425633408265,0.26282119052280767,0
632,0.09137230888787747,-0.09139521963958225,-0.13894981741718276,0.26282119052280767,0
633,1.397112077833996,-0.04139038363332268,0.34617906041661706,0.26282119052280767,3
634,-1.214367460058241,-0.12473177697708862,-0.3006594433617827,-1.0096355023908956,1
635,0.09137230888787747,-0.12473177697708862,-0.7857883211955825,-1.0096355023908956,1
636,0.09137230888787747,-0.09972935897395883,0.02275980852741719,0.26282119052280767,0
637,0.09137230888787747,-0.09972935897395883,-0.21980463038948272,0.26282119052280767,0
638,0.09137230888787747,-0.008053826295816304,-0.13894981741718276,0.26282119052280767,0
639,-1.214367460058241,-0.12473177697708862,-0.6240786952509826,-1.0096355023908956,1
640,-1.214367460058241,-0.14140005564584182,-0.6240786952509826,-1.0096355023908956,1
641,-1.214367460058241,-0.158068334314595,-0.6240786952509826,-1.0096355023908956,1
642,1.397112077833996,-0.03305624429894609,0.427033873388917,0.26282119052280767,3
643,1.397112077833996,0.0002803130385602898,1.6398560679734167,1.535277883436511,3
644,0.09137230888787747,-0.13723298597865352,-0.7340412408933106,-1.0096355023908956,1
645,0.09137230888787747,-0.09972935897395883,0.02275980852741719,0.26282119052280767,0
646,-1.214367460058241,-0.1664024736489716,-1.3517720120016823,-1.0096355023908956,1
647,-1.214367460058241,-0.14556712531303012,-0.7857883211955825,-1.0096355023908956,1
648,-1.214367460058241,-0.0922286335730199,-0.6240786952509826,-1.0096355023908956,1
649,0.09137230888787747,-0.08306108030520565,0.18446943447201714,0.26282119052280767,0
650,1.397112077833996,0.041951009710443264,0.8313079382504169,1.535277883436511,3
651,0.09137230888787747,-0.09972935897395883,-0.7857883211955825,-1.0096355023908956,1
652,-1.214367460058241,-0.1439002974461548,-0.6240786952509826,-1.0096355023908956,1
653,0.09137230888787747,0.0002803130385602898,0.34617906041661706,-1.0096355023908956,0
654,0.09137230888787747,-0.06639280163645246,0.18446943447201714,0.26282119052280767,0
655,1.397112077833996,0.1169582637198326,0.9121627512227168,1.535277883436511,3
656,0.09137230888787747,-0.05805866230207587,0.10361462149971716,0.26282119052280767,0
657,-1.214367460058241,-0.08306108030520565,-0.7857883211955825,-1.0096355023908956,1
658,0.09137230888787747,0.02528273104169007,0.8313079382504169,0.26282119052280767,0
659,0.09137230888787747,-0.06222573196926417,0.2653242474443171,0.26282119052280767,0
660,2.7028518467801144,0.41698727975739003,1.6398560679734167,1.535277883436511,3
661,0.09137230888787747,-0.09139521963958225,-1.4164558623795223,-1.0096355023908956,1
662,-1.214367460058241,-0.13306591631146522,-0.7857883211955825,-1.0096355023908956,1
663,1.397112077833996,-0.04139038363332268,0.7747095691698069,1.535277883436511,3
664,0.09137230888787747,-0.10806349830833543,-0.07426596703934278,0.26282119052280767,0
665,0.09137230888787747,-0.10806349830833543,-0.21980463038948272,-1.0096355023908956,1
666,0.09137230888787747,-0.008053826295816304,0.006588845932957194,0.26282119052280767,0
667,0.09137230888787747,-0.10806349830833543,-0.38151425633408265,0.26282119052280767,0
668,-1.214367460058241,-0.12473177697708862,-0.7857883211955825,-1.0096355023908956,1
669,1.397112077833996,-0.008053826295816304,0.7181112000891969,0.26282119052280767,3
670,-1.214367460058241,-0.13306591631146522,-0.6240786952509826,-1.0096355023908956,1
671,0.09137230888787747,-0.10806349830833543,-0.13894981741718276,-1.0096355023908956,1
672,0.09137230888787747,-0.11639763764271203,0.18446943447201714,0.26282119052280767,0
673,0.09137230888787747,-0.08306108030520565,-0.13894981741718276,-1.0096355023908956,1
674,-1.214367460058241,-0.1622354039817833,-0.6240786952509826,-1.0096355023908956,1
675,0.09137230888787747,-0.05805866230207587,0.02275980852741719,0.26282119052280767,0
676,0.09137230888787747,0.1419606817229624,0.2653242474443171,0.26282119052280767,0
677,0.09137230888787747,-0.05805866230207587,0.427033873388917,0.26282119052280767,0
678,0.09137230888787747,-0.08306108030520565,0.02275980852741719,0.26282119052280767,0
679,-1.214367460058241,-0.158068334314595,-0.7857883211955825,-1.0096355023908956,1
680,1.397112077833996,0.041951009710443264,1.6398560679734167,1.535277883436511,3
681,0.09137230888787747,-0.10806349830833543,-0.21980463038948272,0.26282119052280767,0
682,0.09137230888787747,-0.12473177697708862,0.006588845932957194,0.26282119052280767,0
683,0.09137230888787747,-0.12889884664427692,-0.21980463038948272,-1.0096355023908956,1
684,0.09137230888787747,-0.07472694097082906,0.02275980852741719,0.26282119052280767,0
685,0.09137230888787747,-0.12889884664427692,-0.5432238822786826,0.26282119052280767,0
686,-1.214367460058241,-0.1539012646474067,-0.9474979471401824,-1.0096355023908956,1
687,0.09137230888787747,-0.09556228930677055,0.02275980852741719,0.26282119052280767,0
688,0.09137230888787747,0.0002803130385602898,0.588743499333517,0.26282119052280767,0
689,0.09137230888787747,-0.12889884664427692,-0.6240786952509826,0.26282119052280767,0
690,2.7028518467801144,1.3754133032106983,4.874048586865416,4.080191269263918,4
691,0.09137230888787747,0.541999369773039,-0.05809500444488278,0.26282119052280767,0
692,0.09137230888787747,-0.008053826295816304,-0.3378526573290407,0.26282119052280767,0
693,1.397112077833996,-0.08306108030520565,0.34617906041661706,0.26282119052280767,3
694,0.09137230888787747,-0.024722104964569492,0.9930175641950169,1.535277883436511,3
695,1.397112077833996,0.07528756704794964,0.8313079382504169,1.535277883436511,3
696,0.09137230888787747,-0.10389642864114713,-0.6725915830343625,0.26282119052280767,0
697,1.397112077833996,0.02528273104169007,1.3164368160842168,1.535277883436511,3
698,0.09137230888787747,-0.10806349830833543,0.18446943447201714,-1.0096355023908956,0
699,-1.214367460058241,-0.14140005564584182,-0.9474979471401824,-1.0096355023908956,1
700,-1.214367460058241,-0.14556712531303012,-0.38151425633408265,-1.0096355023908956,1
701,0.09137230888787747,0.07528756704794964,0.6695983123058169,0.26282119052280767,0
702,1.397112077833996,0.05861928837919645,1.2986487572303107,1.535277883436511,3
703,0.09137230888787747,-0.08722814997239395,-0.5432238822786826,-1.0096355023908956,1
704,0.09137230888787747,-0.07472694097082906,0.34617906041661706,0.26282119052280767,0
705,-1.214367460058241,-0.14556712531303012,-0.8504721715734225,-1.0096355023908956,1
706,0.09137230888787747,-0.14556712531303012,-0.7857883211955825,-1.0096355023908956,1
707,0.09137230888787747,-0.04555745330051098,0.15212750928309715,0.26282119052280767,0
708,1.397112077833996,0.41698727975739003,1.6398560679734167,0.26282119052280767,3
709,0.09137230888787747,-0.07055987130364076,0.18446943447201714,0.26282119052280767,0
710,0.09137230888787747,-0.08722814997239395,0.06318721501356718,0.26282119052280767,0
711,0.09137230888787747,-0.07472694097082906,-0.5432238822786826,0.26282119052280767,0
712,0.09137230888787747,-0.14140005564584182,-0.3006594433617827,-1.0096355023908956,1
713,1.397112077833996,2.125485843304592,2.9335330755302165,1.535277883436511,4
714,0.09137230888787747,-0.03305624429894609,0.18446943447201714,0.26282119052280767,0
715,1.397112077833996,0.041951009710443264,0.507888686361217,1.535277883436511,3
716,1.397112077833996,0.3336458864136241,1.6398560679734167,1.535277883436511,3
717,1.397112077833996,1.2920719098669322,2.4484041976964166,1.535277883436511,3
718,0.09137230888787747,-0.12473177697708862,-0.6240786952509826,0.26282119052280767,0
719,0.09137230888787747,-0.10806349830833543,-0.5755658074676026,0.26282119052280767,0
720,0.09137230888787747,-0.13306591631146522,-0.7049335082232826,0.26282119052280767,0
721,0.09137230888787747,-0.024722104964569492,0.06318721501356718,0.26282119052280767,0
722,-1.214367460058241,-0.12473177697708862,-0.7857883211955825,-1.0096355023908956,1
723,1.397112077833996,0.19196551772922196,0.485249338728973,1.535277883436511,3
724,-1.214367460058241,-0.11639763764271203,-0.3006594433617827,-1.0096355023908956,1
725,0.09137230888787747,-0.11639763764271203,-0.13894981741718276,0.26282119052280767,0
726,1.397112077833996,0.1252924030542092,1.0221252968650447,1.535277883436511,3
727,-1.214367460058241,-0.12473177697708862,-0.7857883211955825,-1.0096355023908956,1
728,-1.214367460058241,-0.1539012646474067,-0.8666431341678825,-1.0096355023908956,1
729,0.09137230888787747,-0.05805866230207587,-0.21980463038948272,0.26282119052280767,0
730,1.397112077833996,-0.024722104964569492,0.627553809560221,0.26282119052280767,3
731,1.397112077833996,0.02528273104169007,0.9930175641950169,1.535277883436511,3
732,-1.214367460058241,-0.1564015064477197,-0.9474979471401824,-1.0096355023908956,1
733,1.397112077833996,0.7086821564605709,0.8313079382504169,1.535277883436511,3
734,0.09137230888787747,-0.1622354039817833,-0.3006594433617827,-1.0096355023908956,1
735,1.397112077833996,0.20863379639797514,0.9606756390060969,1.535277883436511,3
736,0.09137230888787747,-0.10806349830833543,-0.46236906930638266,-1.0096355023908956,1
737,0.09137230888787747,-0.11223056797552373,-0.46236906930638266,-1.0096355023908956,1
738,-1.214367460058241,-0.07472694097082906,-0.7049335082232826,-1.0096355023908956,1
739,-1.214367460058241,-0.11639763764271203,-0.8666431341678825,-1.0096355023908956,1
740,2.7028518467801144,1.0420477298356345,5.763451529560715,4.080191269263918,4
741,-1.214367460058241,-0.13306591631146522,-0.9474979471401824,-1.0096355023908956,1
742,-1.214367460058241,-0.158068334314595,-0.5432238822786826,-1.0096355023908956,1
743,0.09137230888787747,-0.10806349830833543,-0.46236906930638266,0.26282119052280767,0
744,0.09137230888787747,-0.07472694097082906,0.561252862922935,0.26282119052280767,0
745,1.397112077833996,0.08362170638232623,0.8313079382504169,0.26282119052280767,3
746,-1.214367460058241,-0.13306591631146522,-0.9070705406540325,-1.0096355023908956,1
747,-1.214367460058241,-0.14140005564584182,-1.1092075730847824,-1.0096355023908956,1
748,0.09137230888787747,-0.09556228930677055,-0.5432238822786826,0.26282119052280767,0
749,0.09137230888787747,-0.09139521963958225,-0.3006594433617827,0.26282119052280767,0
750,0.09137230888787747,-0.09139521963958225,0.34617906041661706,0.26282119052280767,0
751,-1.214367460058241,-0.16890271544928456,-0.7857883211955825,-1.0096355023908956,1
752,0.09137230888787747,-0.06639280163645246,0.02275980852741719,0.26282119052280767,0
753,0.09137230888787747,-0.11639763764271203,-0.6240786952509826,0.26282119052280767,0
754,-1.214367460058241,-0.10806349830833543,-0.6240786952509826,-1.0096355023908956,1
755,1.397112077833996,0.041951009710443264,1.4377190355426668,0.26282119052280767,3
756,0.09137230888787747,-0.10806349830833543,0.02275980852741719,0.26282119052280767,0
757,1.397112077833996,-0.03305624429894609,0.507888686361217,0.26282119052280767,3
758,-1.214367460058241,-0.158068334314595,-1.0283527601124824,-1.0096355023908956,1
759,0.09137230888787747,-0.053891592634887575,-0.13894981741718276,0.26282119052280767,0
760,-1.214367460058241,-0.16848600848256573,-1.2709171990293824,-1.0096355023908956,1
761,0.09137230888787747,-0.08306108030520565,-0.46236906930638266,0.26282119052280767,0
762,0.09137230888787747,-0.06139231803582651,0.02275980852741719,0.26282119052280767,0
763,1.397112077833996,0.08362170638232623,1.1547271901396168,1.535277883436511,3
764,0.09137230888787747,-0.14140005564584182,-0.6240786952509826,-1.0096355023908956,1
765,-1.214367460058241,-0.1497341949802184,-0.5432238822786826,-1.0096355023908956,1
766,0.09137230888787747,-0.08306108030520565,-0.38151425633408265,-1.0096355023908956,1
767,1.397112077833996,0.041951009710443264,1.2355820031119167,1.535277883436511,3
768,1.397112077833996,0.6253407631168049,1.5590012550011165,1.535277883436511,3
769,0.09137230888787747,-0.05805866230207587,0.12787106539140716,0.26282119052280767,0
770,0.09137230888787747,-0.14140005564584182,-0.6240786952509826,-1.0096355023908956,1
771,0.09137230888787747,-0.13306591631146522,-0.6240786952509826,-1.0096355023908956,1
772,-1.214367460058241,-0.158068334314595,-0.7857883211955825,-1.0096355023908956,1
773,0.09137230888787747,-0.14556712531303012,-0.6240786952509826,-1.0096355023908956,1
774,-1.214367460058241,-0.08306108030520565,-0.6240786952509826,-1.0096355023908956,1
775,0.09137230888787747,-0.12473177697708862,-0.13894981741718276,-1.0096355023908956,1
776,0.09137230888787747,-0.09139521963958225,-0.7857883211955825,0.26282119052280767,0
777,-1.214367460058241,-0.1497341949802184,-0.6240786952509826,-1.0096355023908956,1
778,1.397112077833996,0.29197518974174114,1.1708981527340767,1.535277883436511,3
779,-1.214367460058241,-0.158068334314595,-0.6240786952509826,-1.0096355023908956,1
780,1.397112077833996,-0.06639280163645246,0.18446943447201714,0.26282119052280767,3
781,0.09137230888787747,-0.08306108030520565,-0.10660789222826277,0.26282119052280767,0
782,-1.214367460058241,-0.1397332277789665,-0.38151425633408265,-1.0096355023908956,1
783,-1.214367460058241,-0.13723298597865352,-1.1092075730847824,-1.0096355023908956,1
784,1.397112077833996,-0.04139038363332268,1.0900433397617768,0.26282119052280767,3
785,-1.214367460058241,-0.14140005564584182,-0.9474979471401824,-1.0096355023908956,1
786,0.09137230888787747,-0.04139038363332268,-1.1092075730847824,-1.0096355023908956,1
787,-1.214367460058241,-0.11223056797552373,-1.1092075730847824,-1.0096355023908956,1
788,1.397112077833996,0.041951009710443264,1.6398560679734167,0.26282119052280767,3
789,1.397112077833996,-0.024722104964569492,0.34617906041661706,1.535277883436511,3
790,-1.214367460058241,-0.1539012646474067,-1.1092075730847824,-1.0096355023908956,1
791,-1.214367460058241,-0.1539012646474067,-0.46236906930638266,-1.0096355023908956,1
792,0.09137230888787747,-0.07472694097082906,-0.21980463038948272,1.535277883436511,0
793,-1.214367460058241,-0.008053826295816304,-0.46236906930638266,-1.0096355023908956,1
794,-1.214367460058241,-0.08306108030520565,-0.8585576528706524,-1.0096355023908956,1
795,0.09137230888787747,-0.05805866230207587,0.02275980852741719,0.26282119052280767,0
796,-1.214367460058241,-0.13723298597865352,-0.6240786952509826,-1.0096355023908956,1
797,-1.214367460058241,-0.1747366129833482,-1.1900623860570825,-1.0096355023908956,1
798,-1.214367460058241,-0.1664024736489716,-0.9474979471401824,-1.0096355023908956,1
799,0.09137230888787747,-0.024722104964569492,0.34617906041661706,0.26282119052280767,0
800,-1.214367460058241,-0.10806349830833543,-0.7857883211955825,-1.0096355023908956,1
801,-1.214367460058241,-0.13306591631146522,-1.0283527601124824,-1.0096355023908956,1
802,0.09137230888787747,-0.14556712531303012,0.18446943447201714,0.26282119052280767,0
803,0.09137230888787747,0.041951009710443264,1.0738723771673169,1.535277883436511,3
804,2.7028518467801144,-0.09139521963958225,0.02275980852741719,0.26282119052280767,3
805,0.09137230888787747,-0.13098238147787106,-0.7857883211955825,-1.0096355023908956,1
806,-1.214367460058241,-0.09972935897395883,-0.46236906930638266,0.26282119052280767,1
807,0.09137230888787747,-0.10806349830833543,0.34617906041661706,0.26282119052280767,0
808,-1.214367460058241,-0.10806349830833543,-0.6240786952509826,-1.0096355023908956,1
809,0.09137230888787747,-0.12473177697708862,-0.09852241093103277,0.26282119052280767,0
810,1.397112077833996,0.29197518974174114,2.2866945717518163,1.535277883436511,3
811,1.397112077833996,0.08362170638232623,0.8313079382504169,1.535277883436511,3
812,0.09137230888787747,-0.10806349830833543,-0.6240786952509826,0.26282119052280767,0
813,-1.214367460058241,-0.09139521963958225,-0.8908995780595724,-1.0096355023908956,1
814,-1.214367460058241,-0.14140005564584182,-0.5432238822786826,-1.0096355023908956,1
815,0.09137230888787747,-0.11639763764271203,-0.46236906930638266,0.26282119052280767,0
816,0.09137230888787747,-0.04139038363332268,-0.15512078001164276,0.26282119052280767,0
817,-1.214367460058241,-0.10389642864114713,-0.6240786952509826,-1.0096355023908956,1
818,0.09137230888787747,0.08362170638232623,0.427033873388917,0.26282119052280767,0
819,1.397112077833996,0.008614452372936884,0.588743499333517,0.26282119052280767,3
820,1.397112077833996,0.5003286731011559,2.6101138236410164,2.807734576350214,4
821,-1.214367460058241,-0.09139521963958225,-0.8828140967623425,-1.0096355023908956,1
822,0.09137230888787747,-0.024722104964569492,0.2653242474443171,0.26282119052280767,0
823,-1.214367460058241,-0.1497341949802184,-0.8666431341678825,-1.0096355023908956,1
824,0.09137230888787747,-0.07472694097082906,0.2653242474443171,0.26282119052280767,0
825,0.09137230888787747,-0.11639763764271203,-0.6240786952509826,-1.0096355023908956,1
826,0.09137230888787747,-0.04139038363332268,-0.0095821166615028,0.26282119052280767,0
827,1.397112077833996,0.29197518974174114,1.3972916290565167,1.535277883436511,3
828,0.09137230888787747,-0.1664024736489716,-0.5836512887648326,0.26282119052280767,0
829,-1.214367460058241,-0.1747366129833482,-1.4326268249739822,0.26282119052280767,1
830,0.09137230888787747,-0.08306108030520565,0.34617906041661706,-1.0096355023908956,0
831,1.397112077833996,-0.05805866230207587,0.34617906041661706,0.26282119052280767,3
832,0.09137230888787747,-0.10806349830833543,0.15212750928309715,-1.0096355023908956,0
833,-1.214367460058241,-0.13723298597865352,-0.46236906930638266,-1.0096355023908956,1
834,0.09137230888787747,-0.11639763764271203,-0.3006594433617827,0.26282119052280767,0
835,1.397112077833996,0.1419606817229624,1.4458045168398967,0.26282119052280767,3
836,0.09137230888787747,0.0002803130385602898,0.5159741676584471,0.26282119052280767,0
837,-1.214367460058241,-0.13723298597865352,-0.6240786952509826,-1.0096355023908956,1
838,0.09137230888787747,-0.10389642864114713,-0.05809500444488278,0.26282119052280767,0
839,0.09137230888787747,-0.05805866230207587,0.32677390530326506,0.26282119052280767,0
840,-1.214367460058241,-0.158068334314595,-0.7857883211955825,-1.0096355023908956,1
841,0.09137230888787747,-0.13306591631146522,-0.17937722390333274,0.26282119052280767,0
842,1.397112077833996,0.24197035373548154,1.8015656939180167,1.535277883436511,3
843,1.397112077833996,-0.024722104964569492,0.34617906041661706,0.26282119052280767,3
844,1.397112077833996,0.7920235498043368,2.2705236091573564,1.535277883436511,3
845,-1.214367460058241,-0.1497341949802184,-0.6240786952509826,-1.0096355023908956,1
846,0.09137230888787747,0.02528273104169007,0.2653242474443171,0.26282119052280767,0
847,1.397112077833996,0.25030449306985814,1.2970316609708648,1.535277883436511,3
848,0.09137230888787747,-0.049724522967699275,0.427033873388917,0.26282119052280767,0
849,-1.214367460058241,-0.11639763764271203,-0.6240786952509826,-1.0096355023908956,1
850,1.397112077833996,-0.05805866230207587,0.9930175641950169,0.26282119052280767,3
851,1.397112077833996,0.3753165830855071,0.8636498634393369,2.807734576350214,3
852,-1.214367460058241,-0.10806349830833543,-0.7049335082232826,-1.0096355023908956,1
853,0.09137230888787747,-0.05805866230207587,0.18446943447201714,0.26282119052280767,0
854,0.09137230888787747,0.041951009710443264,0.18446943447201714,0.26282119052280767,0
855,0.09137230888787747,-0.12473177697708862,0.18446943447201714,0.26282119052280767,0
856,-1.214367460058241,-0.158068334314595,-0.9474979471401824,-1.0096355023908956,1
857,-1.214367460058241,-0.1705695433161599,-1.1092075730847824,-1.0096355023908956,1
858,-1.214367460058241,-0.14140005564584182,-0.7857883211955825,-1.0096355023908956,1
859,0.09137230888787747,-0.04139038363332268,0.18446943447201714,0.26282119052280767,0
860,0.09137230888787747,-0.06222573196926417,0.02275980852741719,0.26282119052280767,0
861,0.09137230888787747,-0.024722104964569492,-0.21980463038948272,0.26282119052280767,0
862,0.09137230888787747,-0.06639280163645246,0.05510173371633718,0.26282119052280767,0
863,0.09137230888787747,-0.024722104964569492,0.427033873388917,0.26282119052280767,0
864,1.397112077833996,-0.008053826295816304,0.6695983123058169,1.535277883436511,3
865,-1.214367460058241,-0.10806349830833543,-0.6240786952509826,-1.0096355023908956,1
866,-1.214367460058241,-0.1705695433161599,-1.2709171990293824,-1.0096355023908956,1
867,-1.214367460058241,-0.1664024736489716,-1.1092075730847824,-1.0096355023908956,1
868,-1.214367460058241,-0.158068334314595,-0.9474979471401824,-1.0096355023908956,1
869,-1.214367460058241,-0.11639763764271203,-0.8666431341678825,-1.0096355023908956,1
870,0.09137230888787747,-0.04139038363332268,0.3138371352276971,0.26282119052280767,0
871,1.397112077833996,0.08362170638232623,0.766624087872577,1.535277883436511,3
872,1.397112077833996,-0.008053826295816304,0.7730924729103609,1.535277883436511,3
873,0.09137230888787747,-0.12473177697708862,-0.46236906930638266,0.26282119052280767,0
874,0.09137230888787747,-0.07472694097082906,-0.49471099449530265,0.26282119052280767,0
875,1.397112077833996,0.6253407631168049,2.8526782625579163,2.807734576350214,4
876,0.09137230888787747,-0.09139521963958225,-0.3006594433617827,-1.0096355023908956,1
877,0.09137230888787747,-0.14556712531303012,-0.6240786952509826,-1.0096355023908956,1
878,1.397112077833996,-0.07472694097082906,0.34617906041661706,1.535277883436511,3
879,2.7028518467801144,0.3336458864136241,3.580371579308616,1.535277883436511,4
880,0.09137230888787747,-0.05805866230207587,1.3164368160842168,0.26282119052280767,0
881,-1.214367460058241,-0.14140005564584182,-0.7857883211955825,-1.0096355023908956,1
882,0.09137230888787747,-0.11639763764271203,0.34617906041661706,0.26282119052280767,0
883,-1.214367460058241,-0.14140005564584182,-0.38151425633408265,-1.0096355023908956,1
884,-1.214367460058241,-0.09972935897395883,-0.46236906930638266,0.26282119052280767,1
885,0.09137230888787747,0.041951009710443264,0.02275980852741719,0.26282119052280767,0
